<?xml version="1.0" encoding="UTF-8" standalone="yes"?><tt xmlns="http://www.w3.org/ns/ttml" xmlns:tts="http://www.w3.org/ns/ttml#styling" xml:lang="">  <head>
<styling>
<style tts:fontSize="14" tts:textAlign="center" tts:wrapOption="wrap" id="1"/>
</styling>
</head>
<body>
<div xml:lang="ja">      
<p begin="00:00:00.00" end="00:00:00.38" style="1"><br/></p> 
<p begin="00:00:00.38" end="00:00:03.33" style="1">単一の動画を最も手っ取り早く公開するには、Media モジュールのクイック公開ツールを使用します。</p> 
<p begin="00:00:05.69" end="00:00:08.26" style="1">次の簡単な手順に従えば、Web サイトですぐに動画を公開できます。<br/></p> 
<p begin="00:00:09.96" end="00:00:12.22" style="1">最初に Media モジュールに移動します。</p> 
<p begin="00:00:12.22" end="00:00:15.66" style="1">左下隅で [動画をアップロード] をクリックします。</p> 
<p begin="00:00:15.66" end="00:00:21.93" style="1">公開したい動画を選択して、アップロードを始めます。</p> 動画は自動的に複数のレンディションにエンコードされます。接続速度が遅い視聴者には滑らかな再生を、速い視聴者にはできるだけ高品質な再生を提供します。
<p begin="00:00:33.38" end="00:00:37.09" style="1">希望する場合には、動画設定を編集できます。それには、動画をダブルクリックするか、下のパネルで [編集] を選択します。<br/></p> 
<p begin="00:00:40.86" end="00:00:45.23" style="1">編集が完了したら、右のクイック動画公開を選択します。<br/></p> 
<p begin="00:00:47.19" end="00:00:51.41" style="1">ライブラリには単一動画プレーヤがあります。</p> 
<p begin="00:00:51.41" end="00:00:55.91" style="1">公開したい単一動画プレーヤのコードを選択し、[コードをコピー] を選択します。<br/></p> 
<p begin="00:00:58.95" end="00:01:01.32" style="1">これで、Web サイトの HTML ページにこれを貼り付ける準備ができました。<br/></p> コードを貼り付けて変更を保存し、Web サイトに移動します。今行った変更をリフレッシュすると、動画が Web サイトに表示されます。
<p begin="00:01:16.86" end="00:01:18.89" style="1">Web サイトにコードを埋め込むのは一度だけです。<br/></p> 
<p begin="00:01:20.08" end="00:01:22.39" style="1">Media モジュールで行ったプレーヤへの変更は、Web サイトに自動的に反映されます。</p> 
<p begin="00:01:25.42" end="00:01:25.47" style="1"><br/></p>    
</div>  
</body>
</tt>