﻿<?xml version="1.0" encoding="UTF-8" standalone="yes"?>
<tt xmlns="http://www.w3.org/ns/ttml" xmlns:tts="http://www.w3.org/ns/ttml#styling" xml:lang="">
<head>
<styling>
<style tts:fontSize="14" tts:textAlign="center" tts:wrapOption="wrap" id="1"/>
</styling>
</head>
<body>
<div xml:lang="fr">
<p begin="00:00:00.00" end="00:00:05.20" style="1"><br/></p>
<p begin="00:00:05.20" end="00:00:07.99" style="1">Dans cette vidéo, vous apprendrez<br/>à créer des métadonnées</p>
<p begin="00:00:07.99" end="00:00:10.95" style="1">personnalisées avec<br/>les champs personnalisés.</p>
<p begin="00:00:10.95" end="00:00:13.83" style="1">Vous pouvez utiliser ceux-ci<br/>pour stocker des informations</p>
<p begin="00:00:13.83" end="00:00:16.97" style="1">supplémentaires ou stocker<br/>des informations pour</p>
<p begin="00:00:16.97" end="00:00:19.92" style="1">l'API du lecteur, tel qu'un<br/>lien vers une image à afficher</p>
<p begin="00:00:19.92" end="00:00:23.10" style="1">lors de la lecture<br/>de la vidéo.</p>
<p begin="00:00:23.10" end="00:00:25.63" style="1">Les recommandations de vidéos<br/>supplémentaires</p>
<p begin="00:00:25.63" end="00:00:27.22" style="1">tiennent compte des<br/>champs personnalisés.</p>
<p begin="00:00:27.22" end="00:00:29.54" style="1">Sur la page d'accueil, cliquez sur<br/>Paramètres du compte</p>
<p begin="00:00:29.54" end="00:00:34.65" style="1">puis sur Champs vidéo pour <br/>accéder à Champs personnalisés.</p>
<p begin="00:00:34.65" end="00:00:36.94" style="1">Pour ce faire, vous devez<br/>disposer des privilèges</p>
<p begin="00:00:36.94" end="00:00:38.98" style="1">d'administrateur.<br/></p>
<p begin="00:00:38.98" end="00:00:42.45" style="1">Par défaut, vous avez le droit à<br/>10 champs, mais vous pouvez</p>
<p begin="00:00:42.45" end="00:00:45.15" style="1">en demander d'autres auprès du<br/>support Brightcove.</p>
<p begin="00:00:45.15" end="00:00:47.94" style="1">Vous ne pouvez pas supprimer<br/>un champ sans l'aide du</p>
<p begin="00:00:47.94" end="00:00:50.55" style="1">support Brightcove. Réfléchissez donc<br/>bien avant de commencer</p>
<p begin="00:00:50.55" end="00:00:53.41" style="1">à créer les champs.<br/></p>
<p begin="00:00:53.41" end="00:00:56.86" style="1">La section Champs standard<br/>liste les champs par défaut</p>
<p begin="00:00:56.86" end="00:00:59.99" style="1">dont vous pouvez modifier<br/>les données dans les paramètres</p>
<p begin="00:00:59.99" end="00:01:02.41" style="1">vidéo du module Médias.<br/></p>
<p begin="00:01:02.41" end="00:01:05.31" style="1">Inspectez-les avant de créer un<br/>champ personnalisé ; un champ</p>
<p begin="00:01:05.31" end="00:01:07.30" style="1">standard peut convenir.<br/></p>
<p begin="00:01:07.30" end="00:01:11.37" style="1">Pour créer un champ, cliquez<br/>sur Ajouter des champs personnalisés.</p>
<p begin="00:01:11.37" end="00:01:13.82" style="1">Saisissez un nom d'affichage et<br/>un nom interne pour chaque</p>
<p begin="00:01:13.82" end="00:01:15.43" style="1">nouveau champ.<br/></p>
<p begin="00:01:15.43" end="00:01:17.99" style="1">Le champ sera référencé<br/>sous le nom d'affichage dans</p>
<p begin="00:01:17.99" end="00:01:19.16" style="1">le module Médias.<br/></p>
<p begin="00:01:19.16" end="00:01:22.73" style="1">Les caractères sur deux octets<br/>sont pris en charge.</p>
<p begin="00:01:22.73" end="00:01:25.23" style="1">Le nom interne est le<br/>nom de la variable lorsque vous utilisez</p>
<p begin="00:01:25.23" end="00:01:27.92" style="1">une des API Brightcove<br/>pour accéder à ce champ</p>
<p begin="00:01:27.92" end="00:01:30.00" style="1">via la programmation.<br/></p>
<p begin="00:01:30.00" end="00:01:33.42" style="1">De ce fait, vous ne pouvez<br/>utiliser que des caractères</p>
<p begin="00:01:33.42" end="00:01:37.85" style="1">alphanumériques minuscules et<br/>pas d'espaces pour le nom interne.</p>
<p begin="00:01:37.85" end="00:01:40.97" style="1">Par défaut, Brightcove Studio <br/>donne la même valeur au</p>
<p begin="00:01:40.97" end="00:01:43.18" style="1">nom interne et au<br/>nom d'affichage.</p>
<p begin="00:01:43.18" end="00:01:46.46" style="1">Vous devez ensuite spécifier<br/>le type, qui peut être soit texte</p>
<p begin="00:01:46.46" end="00:01:50.72" style="1">ou liste. Un champ texte peut<br/>stocker une chaîne alphanumérique</p>
<p begin="00:01:50.72" end="00:01:54.33" style="1">jusqu'à 1 024 caractères.<br/></p>
<p begin="00:01:54.33" end="00:01:57.86" style="1">Un champ liste contient<br/>une liste d'un maximum de 150</p>
<p begin="00:01:57.86" end="00:01:59.66" style="1">valeurs de chaînes.<br/></p>
<p begin="00:01:59.66" end="00:02:02.81" style="1">Si vous choisissez le type liste,<br/>la fenêtre Champ personnalisé</p>
<p begin="00:02:02.81" end="00:02:06.20" style="1">se développe pour<br/>vous laisser insérer des valeurs.</p>
<p begin="00:02:06.20" end="00:02:09.47" style="1">Pour ajouter une valeur à la liste,<br/>insérez-la dans le champ</p>
<p begin="00:02:09.47" end="00:02:13.91" style="1">Ajouter des valeurs de liste<br/>et cliquez sur Ajouter à la liste.</p>
<p begin="00:02:13.91" end="00:02:16.47" style="1">Lorsque vous avez terminé,<br/>cliquez sur Enregistrer</p>
<p begin="00:02:16.47" end="00:02:19.38" style="1">les modifications pour<br/>appliquer ces valeurs.</p>
<p begin="00:02:19.38" end="00:02:21.93" style="1">Lorsque vous avez fini de créer<br/>un champ personnalisé, cliquez</p>
<p begin="00:02:21.93" end="00:02:23.27" style="1">sur Enregistrer.<br/></p>
<p begin="00:02:23.27" end="00:02:26.18" style="1">Lorsque vous êtes prêt à appliquer<br/>un champ personnalisé à une vidéo,</p>
<p begin="00:02:26.18" end="00:02:30.02" style="1">utilisez le module Médias, le<br/>transfert FTP batch ou</p>
<p begin="00:02:30.02" end="00:02:32.05" style="1">l'API médias.<br/></p>
<p begin="00:02:32.05" end="00:02:35.02" style="1">Pour plus d'informations sur<br/>l'utilisation de métadonnées</p>
<p begin="00:02:35.02" end="00:02:36.27" style="1">personnalisées, rendez-vous<br/>sur support.brightcove.com.</p>
<p begin="00:02:36.27" end="00:02:38.27" style="1">
<br/>
</p>
</div>
</body>
</tt>
