<?xml version="1.0" encoding="UTF-8" standalone="yes"?>
<tt xmlns="http://www.w3.org/ns/ttml" xmlns:tts="http://www.w3.org/ns/ttml#styling" xml:lang="">
  <head>
    <styling>
      <style tts:fontSize="14" tts:textAlign="center" tts:wrapOption="wrap" id="1"/>
    </styling>
  </head>
  <body>
    <div xml:lang="ja">
<p begin="00:00:00.00" end="00:00:01.32" style="1"><br/></p> 
<p begin="00:00:01.32" end="00:00:03.80" style="1">アカウントの既存の動画を再エンコードしたい場合があります。最初は FLV 形式にエンコードした動画を H.264 形式でエンコードしたい、またはトランスコード設定に新しいレンディションを追加した、といった理由が考えられます。<br/></p> 
<p begin="00:00:15.64" end="00:00:18.27" style="1">Professional アカウントまたは Enterprise アカウントをご利用の場合、ブライトコーブのバッチ プロビジョニング プロセスを使用して、これが簡単にできます。<br/></p> 
<p begin="00:00:22.36" end="00:00:24.78" style="1">3 つの手順が必要です。最初に、まだの場合は、ブライトコーブのサポートに Brightcove FTP アカウントの要求を提出します。</p> 
<p begin="00:00:31.58" end="00:00:35.10" style="1">次に、トランスコードしたい動画に参照 ID がまだない場合は、参照 ID 値を作成する必要があります。<br/></p> 
<p begin="00:00:40.00" end="00:00:43.26" style="1">動画設定にて手動で作成できます。または、次のアドレスにある参照 ID ジェネレータ ツールを使用できます。</p> 
<p begin="00:00:48.19" end="00:00:51.40" style="1">最後に、再トランスコードの指示を記載したマニフェスト ファイルを作成し、ブライトコーブのサポートから受け取った FTP アドレスと資格情報を使って、そのファイルをアップロードします。<br/></p> 
<p begin="00:00:59.28" end="00:01:02.73" style="1">マニフェストは簡単な XML 文書です。この動画の関連リンクをクリックするか、または次のアドレスにアクセスして、そのテンプレートをダウンロードできます。</p> 
<p begin="00:01:08.88" end="00:01:12.37" style="1">テンプレートを手に入れたら、Xemplify などの XML エディタまたはプレーン テキスト エディタを開き、以下の変更を行います。<br/></p> 
<p begin="00:01:18.09" end="00:01:21.23" style="1">publisher upload manifest タグで、publisher ID の値を自分のアカウントのパブリッシャ ID に変更します。ID は、アカウント プロファイルにあります。</p> 
<p begin="00:01:28.43" end="00:01:31.24" style="1">また、誰が変更したかを記録するために preparer 値を変更できます。</p> 
<p begin="00:01:34.15" end="00:01:37.41" style="1">notify タグで、email の値を結果の通知を受け取るアドレスに変更します。</p> 
<p begin="00:01:40.92" end="00:01:43.05" style="1">reencode-from-existing-source タグで、title-refid の値を、再エンコードしたい動画の参照 ID に変更します。</p> 
<p begin="00:01:51.30" end="00:01:54.17" style="1">既存のサムネイルおよび動画静止画像をそのまま使用したい場合は、overwrite images の値を false に変更します。<br/></p> 
<p begin="00:01:59.53" end="00:02:03.10" style="1">複数の動画を再エンコードしたい場合は、完成した reencode-from-existing-source タグをコピーし、既存のタグの下にそれを貼り付けます。publisher-upload-manifest の終了タグの前に貼り付けてください。<br/></p> 
<p begin="00:02:16.84" end="00:02:20.96" style="1">次に、追加の動画を反映するために title-refid の値を変更します。<br/></p> 
<p begin="00:02:23.10" end="00:02:26.86" style="1">マニフェストを提出する前に、XML の要件に従って、属性値がすべて引用符で囲まれていることを確認してください。<br/></p> 
<p begin="00:02:31.92" end="00:02:35.82" style="1">FTP を通してマニフェストを提出した後、処理が完了すると、notify タグで指定した電子メール アドレスにメッセージが送信されます。<br/></p> 
<p begin="00:02:41.20" end="00:02:41.72" style="1"><br/></p>
    </div>
  </body>
</tt>
