﻿<?xml version="1.0" encoding="UTF-8" standalone="yes"?>
<tt xmlns="http://www.w3.org/ns/ttml" xmlns:tts="http://www.w3.org/ns/ttml#styling" xml:lang="">
<head>
<styling>
<style tts:fontSize="14" tts:textAlign="center" tts:wrapOption="wrap" id="1"/>
</styling>
</head>
<body>
<div xml:lang="de">
<p begin="00:00:00.00" end="00:00:05.20" style="1"><br/></p>
<p begin="00:00:05.20" end="00:00:07.99" style="1">In diesem Video erfahren Sie, wie<br/>Sie über benutzerdefinierte Felder benutzerdefinierte Metadaten</p>
<p begin="00:00:07.99" end="00:00:10.95" style="1">für Ihre Videos erstellen.<br/></p>
<p begin="00:00:10.95" end="00:00:13.83" style="1">Mithilfe von benutzerdefinierten Feldern<br/>speichern Sie Zusatzinformationen</p>
<p begin="00:00:13.83" end="00:00:16.97" style="1">über die Videos oder<br/>Informationen, die Sie über die</p>
<p begin="00:00:16.97" end="00:00:19.92" style="1">Player-API verwenden möchten,<br/>z. B. als Link zu einem Bild, der</p>
<p begin="00:00:19.92" end="00:00:23.10" style="1">während der Videowiedergabe<br/>gezeigt wird.</p>
<p begin="00:00:23.10" end="00:00:25.63" style="1">Benutzerdefinierte Felder werden zudem<br/>für zusätzliche Videoempfehlungen</p>
<p begin="00:00:25.63" end="00:00:27.22" style="1">verwendet.<br/></p>
<p begin="00:00:27.22" end="00:00:29.54" style="1">Klicken Sie auf der Startseite auf<br/>den Link „Kontoeinstellungen“</p>
<p begin="00:00:29.54" end="00:00:34.65" style="1">und dann auf „Videofelder“, um<br/>zur Seite „Videofelder“ zu gelangen.</p>
<p begin="00:00:34.65" end="00:00:36.94" style="1">Beachten Sie, dass Sie für den Zugang zu dieser Seite<br/>Administratorberechtigungen benötigen.</p>
<p begin="00:00:36.94" end="00:00:38.98" style="1"><br/></p>
<p begin="00:00:38.98" end="00:00:42.45" style="1">Sie verfügen standardmäßig über<br/>10 benutzerdefinierte Felder, Sie erhalten jedoch auf Anfrage beim Brightcove-Support</p>
<p begin="00:00:42.45" end="00:00:45.15" style="1">weitere Felder.<br/></p>
<p begin="00:00:45.15" end="00:00:47.94" style="1">Beachten Sie, dass benutzerdefinierte Felder nicht<br/>ohne die Hilfe des</p>
<p begin="00:00:47.94" end="00:00:50.55" style="1">Brightcove-Supports gelöscht werden können. Überlegen Sie<br/>daher vor dem Erstellen genau, welche</p>
<p begin="00:00:50.55" end="00:00:53.41" style="1">Felder Sie benötigen.<br/></p>
<p begin="00:00:53.41" end="00:00:56.86" style="1">Im Bereich der Standardfelder<br/>werden die Standardfelder aufgelistet,</p>
<p begin="00:00:56.86" end="00:00:59.99" style="1">deren Daten<br/>im Medienmodul in den</p>
<p begin="00:00:59.99" end="00:01:02.41" style="1">Videoeinstellungen anpassbar sind.<br/></p>
<p begin="00:01:02.41" end="00:01:05.31" style="1">Überprüfen Sie vor<br/>dem Erstellen benutzerdefinierter Felder die Standardfelder,</p>
<p begin="00:01:05.31" end="00:01:07.30" style="1">um ggf. ein solches zu verwenden.<br/></p>
<p begin="00:01:07.30" end="00:01:11.37" style="1">Klicken Sie zum Erstellen eines <br/>benutzerdefinierten Felds auf die Schaltfläche „Benutzerdefinierte Felder hinzufügen“.</p>
<p begin="00:01:11.37" end="00:01:13.82" style="1">Geben Sie für jedes neue Feld einen<br/>Anzeigenamen und einen internen Namen ein.</p>
<p begin="00:01:13.82" end="00:01:15.43" style="1"><br/></p>
<p begin="00:01:15.43" end="00:01:17.99" style="1">Der Anzeigename wird im <br/>Medienmodul als Label für</p>
<p begin="00:01:17.99" end="00:01:19.16" style="1">das Feld angezeigt.<br/></p>
<p begin="00:01:19.16" end="00:01:22.73" style="1">Dieses Label unterstützt<br/>Doppelbytezeichen.</p>
<p begin="00:01:22.73" end="00:01:25.23" style="1">Der interne Name ist<br/>variabel, wenn eine der</p>
<p begin="00:01:25.23" end="00:01:27.92" style="1">Brightcove-APIs zum<br/>programmgesteuerten Zugriff</p>
<p begin="00:01:27.92" end="00:01:30.00" style="1">auf dieses benutzerdefinierte Feld verwendet wird.<br/></p>
<p begin="00:01:30.00" end="00:01:33.42" style="1">Da es sich beim internen Namen um eine Variable handelt,<br/>sind nur alphanumerische,</p>
<p begin="00:01:33.42" end="00:01:37.85" style="1">kleingeschriebene Zeichen ohne Leerstellen<br/>zulässig.</p>
<p begin="00:01:37.85" end="00:01:40.97" style="1">Brightcove Studio<br/>weist dem internen Namen standardmäßig</p>
<p begin="00:01:40.97" end="00:01:43.18" style="1">den entsprechenden Wert des<br/>Anzeigenamens zu.</p>
<p begin="00:01:43.18" end="00:01:46.46" style="1">Geben Sie anschließend den<br/>Typ an, entweder Text oder eine Liste.</p>
<p begin="00:01:46.46" end="00:01:50.72" style="1"> Ein Texttypfeld<br/>ermöglicht das Speichern eines alphanumerischen Strings</p>
<p begin="00:01:50.72" end="00:01:54.33" style="1">von bis zu 1024 Zeichen.<br/></p>
<p begin="00:01:54.33" end="00:01:57.86" style="1">Ein Feldtyp „Liste“ gibt eine<br/>Auswahlliste von bis zu 150 Stringwerten</p>
<p begin="00:01:57.86" end="00:01:59.66" style="1">vor.<br/></p>
<p begin="00:01:59.66" end="00:02:02.81" style="1">Bei der Auswahl eines Feldtyps „Liste“<br/>öffnet sich ein neues Dialogfeld zum benutzerdefinierten Feld,</p>
<p begin="00:02:02.81" end="00:02:06.20" style="1"><br/>in das Sie Werte eingeben können.</p>
<p begin="00:02:06.20" end="00:02:09.47" style="1">Zum Hinzufügen eines Werts zur Liste<br/>geben Sie ihn in das Feld zum Hinzufügen von Listenwerten ein,</p>
<p begin="00:02:09.47" end="00:02:13.91" style="1">und klicken Sie auf die entsprechende Schaltfläche.<br/></p>
<p begin="00:02:13.91" end="00:02:16.47" style="1">Klicken Sie zum Anwenden dieser Werte nach beendeter Eingabe der Listenwerte<br/>auf die Schaltfläche</p>
<p begin="00:02:16.47" end="00:02:19.38" style="1">„Änderungen speichern“.<br/></p>
<p begin="00:02:19.38" end="00:02:21.93" style="1">Klicken Sie nach vollständigem Erstellen des<br/>benutzerdefinierten Felds auf die Schaltfläche</p>
<p begin="00:02:21.93" end="00:02:23.27" style="1">„Speichern“.<br/></p>
<p begin="00:02:23.27" end="00:02:26.18" style="1">Verwenden Sie zum Anwenden eines benutzerdefinierten Felds auf<br/>ein Video</p>
<p begin="00:02:26.18" end="00:02:30.02" style="1">das Medienmodul,<br/>die FTP-Batch-Bereitstellung oder</p>
<p begin="00:02:30.02" end="00:02:32.05" style="1">die Medien-API.<br/></p>
<p begin="00:02:32.05" end="00:02:35.02" style="1">Weitere Informationen über die kombinierte Verwendung<br/>von benutzerdefinierten Metadaten und</p>
<p begin="00:02:35.02" end="00:02:36.27" style="1">Ihren Videos finden Sie unter<br/>support.brightcove.com.</p>
<p begin="00:02:36.27" end="00:02:38.27" style="1"><br/></p>
</div>
<div xml:lang="es">
<p begin="00:00:00.00" end="00:00:05.20" style="1"><br/></p>
<p begin="00:00:05.20" end="00:00:07.99" style="1">Vamos a crear metadatos personalizados <br/> para los vídeos con campos personalizados. </p>
<p begin="00:00:07.99" end="00:00:10.95" style="1">  <br/> s.</p>
<p begin="00:00:10.95" end="00:00:13.83" style="1">Estos campos almacenan información adicional <br/> de los vídeos o para Player API: </p>
<p begin="00:00:13.83" end="00:00:16.97" style="1"> por ejemplo, un vínculo a una imagen que debe <br/> visualizarse al reproducir un vídeo. </p>
<p begin="00:00:16.97" end="00:00:19.92" style="1">  <br/>  </p>
<p begin="00:00:19.92" end="00:00:23.10" style="1">  <br/> </p>
<p begin="00:00:23.10" end="00:00:25.63" style="1">También se usan para buscar <br/> recomendaciones de vídeos adicionales. </p>
<p begin="00:00:25.63" end="00:00:27.22" style="1"> <br/></p>
<p begin="00:00:27.22" end="00:00:29.54" style="1">Para acceder a la página Custom Fields desde <br/> la página inicial, elija Account Settings </p>
<p begin="00:00:29.54" end="00:00:34.65" style="1"> y luego Video Fields. <br/> </p>
<p begin="00:00:34.65" end="00:00:36.94" style="1">Para usar esta página, necesita <br/>privilegios de Administrador</p>
<p begin="00:00:36.94" end="00:00:38.98" style="1"><br/></p>
<p begin="00:00:38.98" end="00:00:42.45" style="1">El sistema ofrece 10 campos personalizados, <br/> pero puede pedir más a Asistencia Técnica. </p>
<p begin="00:00:42.45" end="00:00:45.15" style="1"> <br/> </p>
<p begin="00:00:45.15" end="00:00:47.94" style="1">No puede eliminar campos personalizados <br/> sin la asistencia técnica de Brightcove; </p>
<p begin="00:00:47.94" end="00:00:50.55" style="1"> antes de crear campos, piense bien<br/> qué campos necesitará. </p>
<p begin="00:00:50.55" end="00:00:53.41" style="1">br/> </p>
<p begin="00:00:53.41" end="00:00:56.86" style="1">La sección Standard Fields <br/> muestra los campos predeterminados, </p>
<p begin="00:00:56.86" end="00:00:59.99" style="1"> con los datos que pueden cambiarse en los ajustes <br/> de vídeo del módulo multimedia.</p>
<p begin="00:00:59.99" end="00:01:02.41" style="1"> <br/></p>
<p begin="00:01:02.41" end="00:01:05.31" style="1">Véalos antes de crear un campo personalizado, <br/> ya que quizá le valga con un campo estándar.</p>
<p begin="00:01:05.31" end="00:01:07.30" style="1"> <br/></p>
<p begin="00:01:07.30" end="00:01:11.37" style="1">Para crear un campo personalizado, <br/> elija Add Custom Fields.</p>
<p begin="00:01:11.37" end="00:01:13.82" style="1">Asigne un nombre de visualización y un <br/> nombre interno a cada nuevo campo.</p>
<p begin="00:01:13.82" end="00:01:15.43" style="1"><br/></p>
<p begin="00:01:15.43" end="00:01:17.99" style="1">El nombre de visualización será su etiqueta <br/> en el módulo multimedia. </p>
<p begin="00:01:17.99" end="00:01:19.16" style="1"><br/></p>
<p begin="00:01:19.16" end="00:01:22.73" style="1">Puede usar caracteres de dos bytes. <br/> </p>
<p begin="00:01:22.73" end="00:01:25.23" style="1">El nombre interno es el nombre <br/> variable empleado al usar una de las API </p>
<p begin="00:01:25.23" end="00:01:27.92" style="1"> de Brightcove para acceder al campo personalizado <br/> mediante un programa. </p>
<p begin="00:01:27.92" end="00:01:30.00" style="1"><br/></p>
<p begin="00:01:30.00" end="00:01:33.42" style="1">El nombre interno es una variable, <br/> y solo admite caracteres alfanuméricos</p>
<p begin="00:01:33.42" end="00:01:37.85" style="1"> en minúsculas y sin espacios.<br/> </p>
<p begin="00:01:37.85" end="00:01:40.97" style="1">Brightcove Studio usa el mismo valor <br/> como nombre interno y de visualización.</p>
<p begin="00:01:40.97" end="00:01:43.18" style="1"> <br/> </p>
<p begin="00:01:43.18" end="00:01:46.46" style="1">Luego, elija el tipo de campo:<br/> texto o lista. </p>
<p begin="00:01:46.46" end="00:01:50.72" style="1"> Los campos de texto admiten cadenas <br/> alfanuméricas con hasta 1024 caracteres. </p>
<p begin="00:01:50.72" end="00:01:54.33" style="1"> <br/> </p>
<p begin="00:01:54.33" end="00:01:57.86" style="1">Los campos de lista contienen una lista <br/> con hasta 150 cadenas de valores.</p>
<p begin="00:01:57.86" end="00:01:59.66" style="1"> <br/></p>
<p begin="00:01:59.66" end="00:02:02.81" style="1">Si opta por una lista, el diálogo <br/> New Custom Field se amplía para </p>
<p begin="00:02:02.81" end="00:02:06.20" style="1"> permitir la inserción de valores.<br/> </p>
<p begin="00:02:06.20" end="00:02:09.47" style="1">Para añadir un valor a la lista, <br/> insértelo en el campo </p>
<p begin="00:02:09.47" end="00:02:13.91" style="1"> Add List Values y haga clic <br/> en el botón List.</p>
<p begin="00:02:13.91" end="00:02:16.47" style="1">Una vez creadas todas las entradas de la lista, <br/> elija Save Changes para aplicar los valores.</p>
<p begin="00:02:16.47" end="00:02:19.38" style="1">  <br/></p>
<p begin="00:02:19.38" end="00:02:21.93" style="1">Tras crear un campo personalizado, <br/> elija el botón Save. </p>
<p begin="00:02:21.93" end="00:02:23.27" style="1"> <br/></p>
<p begin="00:02:23.27" end="00:02:26.18" style="1">Para aplicar un campo personalizado a un vídeo, <br/> use el módulo multimedia,</p>
<p begin="00:02:26.18" end="00:02:30.02" style="1"> la transferencia FTP por lotes <br/> o la Media API. </p>
<p begin="00:02:30.02" end="00:02:32.05" style="1"> <br/></p>
<p begin="00:02:32.05" end="00:02:35.02" style="1">Para ver más información del uso <br/> de metadatos personalizados con vídeos,</p>
<p begin="00:02:35.02" end="00:02:36.27" style="1"> consulte support.brightcove.com.<br/> </p>
<p begin="00:02:36.27" end="00:02:38.27" style="1"><br/></p>
</div>
<div xml:lang="fr">
<p begin="00:00:00.00" end="00:00:05.20" style="1"><br/></p>
<p begin="00:00:05.20" end="00:00:07.99" style="1">Dans cette vidéo, vous apprendrez<br/>à créer des métadonnées</p>
<p begin="00:00:07.99" end="00:00:10.95" style="1">personnalisées avec<br/>les champs personnalisés.</p>
<p begin="00:00:10.95" end="00:00:13.83" style="1">Vous pouvez utiliser ceux-ci<br/>pour stocker des informations</p>
<p begin="00:00:13.83" end="00:00:16.97" style="1">supplémentaires ou stocker<br/>des informations pour</p>
<p begin="00:00:16.97" end="00:00:19.92" style="1">l'API du lecteur, tel qu'un<br/>lien vers une image à afficher</p>
<p begin="00:00:19.92" end="00:00:23.10" style="1">lors de la lecture<br/>de la vidéo.</p>
<p begin="00:00:23.10" end="00:00:25.63" style="1">Les recommandations de vidéos<br/>supplémentaires</p>
<p begin="00:00:25.63" end="00:00:27.22" style="1">tiennent compte des<br/>champs personnalisés.</p>
<p begin="00:00:27.22" end="00:00:29.54" style="1">Sur la page d'accueil, cliquez sur<br/>Paramètres du compte</p>
<p begin="00:00:29.54" end="00:00:34.65" style="1">puis sur Champs vidéo pour <br/>accéder à Champs personnalisés.</p>
<p begin="00:00:34.65" end="00:00:36.94" style="1">Pour ce faire, vous devez<br/>disposer des privilèges</p>
<p begin="00:00:36.94" end="00:00:38.98" style="1">d'administrateur.<br/></p>
<p begin="00:00:38.98" end="00:00:42.45" style="1">Par défaut, vous avez le droit à<br/>10 champs, mais vous pouvez</p>
<p begin="00:00:42.45" end="00:00:45.15" style="1">en demander d'autres auprès du<br/>support Brightcove.</p>
<p begin="00:00:45.15" end="00:00:47.94" style="1">Vous ne pouvez pas supprimer<br/>un champ sans l'aide du</p>
<p begin="00:00:47.94" end="00:00:50.55" style="1">support Brightcove. Réfléchissez donc<br/>bien avant de commencer</p>
<p begin="00:00:50.55" end="00:00:53.41" style="1">à créer les champs.<br/></p>
<p begin="00:00:53.41" end="00:00:56.86" style="1">La section Champs standard<br/>liste les champs par défaut</p>
<p begin="00:00:56.86" end="00:00:59.99" style="1">dont vous pouvez modifier<br/>les données dans les paramètres</p>
<p begin="00:00:59.99" end="00:01:02.41" style="1">vidéo du module Médias.<br/></p>
<p begin="00:01:02.41" end="00:01:05.31" style="1">Inspectez-les avant de créer un<br/>champ personnalisé ; un champ</p>
<p begin="00:01:05.31" end="00:01:07.30" style="1">standard peut convenir.<br/></p>
<p begin="00:01:07.30" end="00:01:11.37" style="1">Pour créer un champ, cliquez<br/>sur Ajouter des champs personnalisés.</p>
<p begin="00:01:11.37" end="00:01:13.82" style="1">Saisissez un nom d'affichage et<br/>un nom interne pour chaque</p>
<p begin="00:01:13.82" end="00:01:15.43" style="1">nouveau champ.<br/></p>
<p begin="00:01:15.43" end="00:01:17.99" style="1">Le champ sera référencé<br/>sous le nom d'affichage dans</p>
<p begin="00:01:17.99" end="00:01:19.16" style="1">le module Médias.<br/></p>
<p begin="00:01:19.16" end="00:01:22.73" style="1">Les caractères sur deux octets<br/>sont pris en charge.</p>
<p begin="00:01:22.73" end="00:01:25.23" style="1">Le nom interne est le<br/>nom de la variable lorsque vous utilisez</p>
<p begin="00:01:25.23" end="00:01:27.92" style="1">une des API Brightcove<br/>pour accéder à ce champ</p>
<p begin="00:01:27.92" end="00:01:30.00" style="1">via la programmation.<br/></p>
<p begin="00:01:30.00" end="00:01:33.42" style="1">De ce fait, vous ne pouvez<br/>utiliser que des caractères</p>
<p begin="00:01:33.42" end="00:01:37.85" style="1">alphanumériques minuscules et<br/>pas d'espaces pour le nom interne.</p>
<p begin="00:01:37.85" end="00:01:40.97" style="1">Par défaut, Brightcove Studio <br/>donne la même valeur au</p>
<p begin="00:01:40.97" end="00:01:43.18" style="1">nom interne et au<br/>nom d'affichage.</p>
<p begin="00:01:43.18" end="00:01:46.46" style="1">Vous devez ensuite spécifier<br/>le type, qui peut être soit texte</p>
<p begin="00:01:46.46" end="00:01:50.72" style="1">ou liste. Un champ texte peut<br/>stocker une chaîne alphanumérique</p>
<p begin="00:01:50.72" end="00:01:54.33" style="1">jusqu'à 1 024 caractères.<br/></p>
<p begin="00:01:54.33" end="00:01:57.86" style="1">Un champ liste contient<br/>une liste d'un maximum de 150</p>
<p begin="00:01:57.86" end="00:01:59.66" style="1">valeurs de chaînes.<br/></p>
<p begin="00:01:59.66" end="00:02:02.81" style="1">Si vous choisissez le type liste,<br/>la fenêtre Champ personnalisé</p>
<p begin="00:02:02.81" end="00:02:06.20" style="1">se développe pour<br/>vous laisser insérer des valeurs.</p>
<p begin="00:02:06.20" end="00:02:09.47" style="1">Pour ajouter une valeur à la liste,<br/>insérez-la dans le champ</p>
<p begin="00:02:09.47" end="00:02:13.91" style="1">Ajouter des valeurs de liste<br/>et cliquez sur Ajouter à la liste.</p>
<p begin="00:02:13.91" end="00:02:16.47" style="1">Lorsque vous avez terminé,<br/>cliquez sur Enregistrer</p>
<p begin="00:02:16.47" end="00:02:19.38" style="1">les modifications pour<br/>appliquer ces valeurs.</p>
<p begin="00:02:19.38" end="00:02:21.93" style="1">Lorsque vous avez fini de créer<br/>un champ personnalisé, cliquez</p>
<p begin="00:02:21.93" end="00:02:23.27" style="1">sur Enregistrer.<br/></p>
<p begin="00:02:23.27" end="00:02:26.18" style="1">Lorsque vous êtes prêt à appliquer<br/>un champ personnalisé à une vidéo,</p>
<p begin="00:02:26.18" end="00:02:30.02" style="1">utilisez le module Médias, le<br/>transfert FTP batch ou</p>
<p begin="00:02:30.02" end="00:02:32.05" style="1">l'API médias.<br/></p>
<p begin="00:02:32.05" end="00:02:35.02" style="1">Pour plus d'informations sur<br/>l'utilisation de métadonnées</p>
<p begin="00:02:35.02" end="00:02:36.27" style="1">personnalisées, rendez-vous<br/>sur support.brightcove.com.</p>
<p begin="00:02:36.27" end="00:02:38.27" style="1">
<br/>
</p>
</div>
<div xml:lang="ja">
<p begin="00:00:00.00" end="00:00:05.20" style="1"><br/></p> 
<p begin="00:00:05.20" end="00:00:07.99" style="1">この動画では、カスタム フィールドを使用して、動画のカスタム メタデータを作成する方法を学習します。</p> 
<p begin="00:00:10.95" end="00:00:13.83" style="1">カスタム フィールドを使用して、動画に関する追加情報を格納したり、動画の再生中に表示したい画像へのリンクなど、プレーヤ API を通して使用したい情報を格納できます。</p> 
<p begin="00:00:23.10" end="00:00:25.63" style="1">カスタム フィールドは、他の動画の推奨でも検索されます。<br/></p> 
<p begin="00:00:27.22" end="00:00:29.54" style="1">ホームページから [アカウント設定] リンクをクリックし、次に [動画フィールド] をクリックすると、[カスタム フィールド] ページにアクセスできます。</p> 
<p begin="00:00:34.65" end="00:00:36.94" style="1">このページにアクセスするには管理者権限が必要なことに注意してください。<br/></p> 
<p begin="00:00:38.98" end="00:00:42.45" style="1">デフォルトでは、10 件のカスタム フィールドが利用できますが、ブライトコーブのサポートに追加を要求できます。</p> 
<p begin="00:00:45.15" end="00:00:47.94" style="1">ブライトコーブのサポートの支援がないと、カスタム フィールドの削除ができないことに注意してください。したがって、作成を始める前に、どのフィールドが必要かを考えてください。</p> 
<p begin="00:00:53.41" end="00:00:56.86" style="1">[標準フィールド] セクションにデフォルトのフィールドが表示されます。これらのフィールドには、Media モジュールの動画設定で変更できるデータが含まれます。<br/></p> 
<p begin="00:01:02.41" end="00:01:05.31" style="1">カスタム フィールドを作成する前に、標準フィールドを使用できないか確認してください。<br/></p> 
<p begin="00:01:07.30" end="00:01:11.37" style="1">カスタム フィールドを作成するには、[カスタム フィールドを追加] ボタンをクリックします。</p> 
<p begin="00:01:11.37" end="00:01:13.82" style="1">各新規フィールドの表示名および内部名を入力します。<br/></p> 
<p begin="00:01:15.43" end="00:01:17.99" style="1">表示名は、Media モジュールのフィールドのラベルとして表示されます。<br/></p> 
<p begin="00:01:19.16" end="00:01:22.73" style="1">このラベルには全角文字を使用できます。</p> 
<p begin="00:01:22.73" end="00:01:25.23" style="1">内部名は、Brightcove API の 1 つを使用して、プログラムによってこのカスタム フィールドにアクセスする場合の変数名です。<br/></p> 
<p begin="00:01:30.00" end="00:01:33.42" style="1">内部名は変数名なので、小文字の英数字のみが使用できます。スペースは使用できません。</p> 
<p begin="00:01:37.85" end="00:01:40.97" style="1">デフォルトでは、Brightcove Studio は、表示名と同じ値に内部名を設定します。 次に、タイプをテキストまたはリストに指定する必要があります。テキスト タイプ フィールドには、最大 1,024 文字のアルファベット文字を入力できます。</p>
<p begin="00:01:54.33" end="00:01:57.86" style="1">リスト タイプ フィールドは、最高 150 件の文字列値の選択リストを示します。<br/></p> 
<p begin="00:01:59.66" end="00:02:02.81" style="1">リスト タイプを選択すると、値を挿入できるように、新しい [カスタム フィールド] ダイアログが拡張されます。</p> 
<p begin="00:02:06.20" end="00:02:09.47" style="1">リストに値を追加するには、[リストの値を追加] フィールドに値を挿入し、[リストに追加] ボタンをクリックします。</p> 
<p begin="00:02:13.91" end="00:02:16.47" style="1">リスト項目の作成が終了したら、[変更を保存] ボタンをクリックして、それらの値を適用します。</p> 
<p begin="00:02:19.38" end="00:02:21.93" style="1">カスタム フィールドの作成が終了したら、[保存] ボタンをクリックします。<br/></p> 
<p begin="00:02:23.27" end="00:02:26.18" style="1">動画にカスタム フィールドを適用する準備ができたら、Media モジュール、FTP バッチ プロビジョニング、または Media API を使用できます。<br/></p> 
<p begin="00:02:32.05" end="00:02:35.02" style="1">カスタム メタデータの動画での使用についての詳細は、support.brightcove.com を参照してください。</p> 
<p begin="00:02:36.27" end="00:02:38.27" style="1"><br/></p>
</div>
</body>
</tt>
