﻿<?xml version="1.0" encoding="UTF-8" standalone="yes"?>
<tt xmlns="http://www.w3.org/ns/ttml" xmlns:tts="http://www.w3.org/ns/ttml#styling" xml:lang="">  
<head>
<styling>
<style tts:fontSize="14" tts:textAlign="center" tts:wrapOption="wrap" id="1"/>
</styling>
</head>
<body>
<div xml:lang="de">      
<p begin="00:00:00.00" end="00:00:00.56" style="1"><br/></p> 
<p begin="00:00:00.56" end="00:00:03.62" style="1">In diesem Video erhalten Sie Informationen über<br/>die Grundregeln von XML.</p> 
<p begin="00:00:03.62" end="00:00:06.00" style="1">Brightcove verwendet XML<br/>auf unterschiedliche Weise.</p> 
<p begin="00:00:06.00" end="00:00:08.70" style="1">Zum Erstellen von Playervorlagen in der Brightcove Experience<br/>Markup Language (BEML).</p> 
<p begin="00:00:08.70" end="00:00:10.18" style="1"><br/></p> 
<p begin="00:00:10.18" end="00:00:13.13" style="1">In Manifest-Dateien für<br/>die Batch-Bereitstellung.</p> 
<p begin="00:00:13.13" end="00:00:15.24" style="1">Und in Dateien zum Aufzeichnen<br/>für Untertitel</p> 
<p begin="00:00:15.24" end="00:00:17.74" style="1">über<br/>die Player-API.</p> 
<p begin="00:00:17.74" end="00:00:20.22" style="1">Diese Lösung ist aufgrund der Flexibilität<br/> des XML-Frameworks </p>
<p begin="00:00:20.22" end="00:00:22.33" style="1">für unterschiedliche<br/>Zwecke sinnvoll.</p>
<p begin="00:00:22.33" end="00:00:24.97" style="1">Mit einem grundsätzlichen Verständnis<br/>der XML-Syntaxregeln </p>
<p begin="00:00:24.97" end="00:00:28.31" style="1">können Sie leicht mit diesen oder anderen</p> 
<p begin="00:00:28.31" end="00:00:29.69" style="1">XML-Sprachen arbeiten.<br/></p> 
<p begin="00:00:29.69" end="00:00:31.50" style="1">Lassen Sie uns sofort beginnen.<br/></p> 
<p begin="00:00:31.50" end="00:00:34.49" style="1">XML-Sprachen bestehen zunächst<br/>aus drei Arten von</p> 
<p begin="00:00:34.49" end="00:00:35.42" style="1">Entitäten.<br/></p> 
<p begin="00:00:35.42" end="00:00:39.02" style="1">Sie bestehen aus Tags, auch Elemente oder Knoten genannt,<br/></p> 
<p begin="00:00:39.02" end="00:00:41.53" style="1">Tag-Attributen und Daten.<br/></p> 
<p begin="00:00:41.53" end="00:00:44.93" style="1">Einige XML-Dokumente enthalten<br/>keine Daten, aber dennoch</p> 
<p begin="00:00:44.93" end="00:00:47.31" style="1">Tags und Attribute.<br/></p> 
<p begin="00:00:47.31" end="00:00:50.74" style="1">Tags sind die grundlegenden<br/>Bausteine von XML-Sprachen,</p> 
<p begin="00:00:50.74" end="00:00:53.71" style="1">und sie werden durch spitze Klammern<br/>begrenzt.</p> 
<p begin="00:00:53.71" end="00:00:55.57" style="1">Alle Tags müssen geschlossen sein.<br/></p> 
<p begin="00:00:55.57" end="00:00:58.74" style="1">Das Endtag entspricht<br/>dem Starttag, außer dass</p> 
<p begin="00:00:58.74" end="00:01:02.57" style="1">der Name des Tags mit einem<br/>Schrägstrich beginnt.</p> 
<p begin="00:01:02.57" end="00:01:05.91" style="1">Falls ein Tag<br/>keine anderen Tags oder</p> 
<p begin="00:01:05.91" end="00:01:09.50" style="1">Daten enthält, können Sie auch ein<br/>selbstschließendes Tag mit</p> 
<p begin="00:01:09.50" end="00:01:12.29" style="1">dem Schrägstrich vor<br/>der schließenden spitzen Klammer im</p> 
<p begin="00:01:12.29" end="00:01:13.78" style="1">Starttag verwenden.<br/></p> 
<p begin="00:01:13.78" end="00:01:17.27" style="1">Jedes Attribut,<br/>das eine Tageigenschaft beschreibt,</p> 
<p begin="00:01:17.27" end="00:01:20.63" style="1">befindet sich im Starttag.<br/>Die Form entspricht:</p> 
<p begin="00:01:20.63" end="00:01:24.58" style="1">Attributname = Wert, wobei<br/>der Wert immer durch</p> 
<p begin="00:01:24.58" end="00:01:25.98" style="1">Anführungszeichen begrenzt wird.<br/></p> 
<p begin="00:01:25.98" end="00:01:29.92" style="1">Bei allen Tag- und Attributnamen muss<br/>die Groß-/Kleinschreibung beachtet werden, d. h.,</p> 
<p begin="00:01:29.92" end="00:01:34.51" style="1">der Tagname „Label“ mit groß geschriebenem L<br/>ist nicht mit „label“ mit klein</p> 
<p begin="00:01:34.51" end="00:01:35.89" style="1">geschriebenem l identisch.<br/></p> 
<p begin="00:01:35.89" end="00:01:38.80" style="1">Beide Tags können quasi<br/>in derselben Sprache </p>
<p begin="00:01:38.80" end="00:01:41.03" style="1">mit unterschiedlicher Funktion vorkommen.<br/></p> 
<p begin="00:01:41.03" end="00:01:44.02" style="1">Unter Umständen sind<br/>die Werte eines Attributs</p> 
<p begin="00:01:44.02" end="00:01:47.53" style="1">festgelegt, dann<br/>muss auch bei den Werten die Groß-/Kleinschreibung</p> 
<p begin="00:01:47.53" end="00:01:48.72" style="1">beachtet werden.<br/></p> 
<p begin="00:01:48.72" end="00:01:52.05" style="1">Tags<br/>müssen korrekt verschachtelt sein.</p> 
<p begin="00:01:52.05" end="00:01:57.12" style="1">Öffnen Sie z. B. ein HBox-<br/>Tag in einem Layout-Tag</p> 
<p begin="00:01:57.12" end="00:02:01.37" style="1">(wie in diesem BEML-Beispiel), muss<br/>auch das HBox-Tag vor dem</p> 
<p begin="00:02:01.37" end="00:02:03.41" style="1">Layout-Tag geschlossen werden.<br/></p> 
<p begin="00:02:03.41" end="00:02:08.64" style="1">Alle Daten müssen<br/>in das Tag eingebettet werden.</p> 
<p begin="00:02:08.64" end="00:02:12.63" style="1">XML-Sprachen haben zudem ein Root-<br/>Tag, d. h.,</p> 
<p begin="00:02:12.63" end="00:02:16.42" style="1">alle Tags müssen innerhalb<br/>des Root-Tags stehen.</p> 
<p begin="00:02:16.42" end="00:02:20.07" style="1">Es gibt zudem einige spezielle<br/>Tag-ähnliche Entitäten, die nicht</p> 
<p begin="00:02:20.07" end="00:02:23.94" style="1">zu dieser speziellen XML-<br/>Sprache gehören, die aber in jedem</p> 
<p begin="00:02:23.94" end="00:02:25.99" style="1">XML-Dokument anwendbar sind.<br/></p> 
<p begin="00:02:25.99" end="00:02:29.71" style="1">Eine davon ist der CDATA-Wrapper.<br/>Dieser Wrapper bettet Daten in Ihr Dokument</p> 
<p begin="00:02:29.71" end="00:02:33.31" style="1">ein und verhindert so, dass<br/>ein XML-Prozessor</p> 
<p begin="00:02:33.31" end="00:02:36.31" style="1">versucht, Ihre Daten<br/>als XML-Code zu interpretieren.</p> 
<p begin="00:02:36.31" end="00:02:38.62" style="1">Dieser Wrapper ist nur<br/>notwendig, wenn Ihre</p> 
<p begin="00:02:38.62" end="00:02:41.71" style="1">Daten Elemente enthalten, die<br/>mit XML-Code verwechselbar sind.</p> 
<p begin="00:02:41.71" end="00:02:45.42" style="1">Wenn Sie den Wrapper verwenden, sind Sie jedoch<br/>auf der sicheren Seite.</p> 
<p begin="00:02:45.42" end="00:02:49.09" style="1">Die XML-Deklaration steht am<br/>Anfang des Dokuments</p> 
<p begin="00:02:49.09" end="00:02:52.00" style="1">und teilt dem<br/>Prozessor (z. B. ein Browser</p> 
<p begin="00:02:52.00" end="00:02:55.21" style="1">oder ein Editor) mit, welcher<br/>Version der XML-</p> 
<p begin="00:02:55.21" end="00:02:58.28" style="1">Spezifikation das Dokument<br/>entspricht.</p> 
<p begin="00:02:58.28" end="00:03:01.04" style="1">Die DOCTYPE-Deklaration<br/>gibt die</p> 
<p begin="00:03:01.04" end="00:03:06.02" style="1">Dokumenttypdefinition (DTD)<br/>an, die die Regeln für die von Ihnen jeweils verwendete</p> 
<p begin="00:03:06.02" end="00:03:08.98" style="1">XML-Sprache<br/>definiert.</p> 
<p begin="00:03:08.98" end="00:03:12.19" style="1">Diese Funktion ist besonders bei der Verwendung<br/>eines XML-Editors wie in diesem Beispiel nützlich.</p> 
<p begin="00:03:12.19" end="00:03:15.37" style="1">Der Editor<br/>versteht die Regeln der</p> 
<p begin="00:03:15.37" end="00:03:18.31" style="1">Sprache und hilft Ihnen z. B.<br/>bei der Codevervollständigung,</p> 
<p begin="00:03:18.31" end="00:03:22.05" style="1">der Gültigkeitsprüfung auf<br/>Fehler sowie</p> 
<p begin="00:03:22.05" end="00:03:25.91" style="1">bei der Syntaxhervorhebung,<br/>die solche Editor-Programme für gewöhnlich bereitstellen.</p> 
<p begin="00:03:25.91" end="00:03:28.52" style="1">Diese Tools sparen Zeit<br/>und vermindern Frustration bei der Arbeit</p> 
<p begin="00:03:28.52" end="00:03:31.95" style="1">mit XML. Wir empfehlen Ihnen daher,<br/>zur Erleichterung Ihrer Arbeit über die Anschaffung eines XML-Editors nachzudenken.</p> 
<p begin="00:03:31.95" end="00:03:33.65" style="1"><br/></p> 
<p begin="00:03:33.65" end="00:03:37.18" style="1">In diesem Beispiel wurde<br/>Xmplify verwendet, ein kostengünstiger Editor,</p> 
<p begin="00:03:37.18" end="00:03:40.88" style="1">verfügbar unter xmplifyapp.com.<br/>Es gibt aber auch zahlreiche andere,</p> 
<p begin="00:03:40.88" end="00:03:44.77" style="1">die Sie bei der Onlinesuche nach XML-Editoren<br/>finden.</p> 
<p begin="00:03:44.77" end="00:03:46.07" style="1"><br/></p>    
</div>  
<div xml:lang="es">
<p begin="00:00:00.00" end="00:00:00.56" style="1"><br/></p>
<p begin="00:00:00.56" end="00:00:03.62" style="1">Veamos las reglas básicas de XML.<br/></p>
<p begin="00:00:03.62" end="00:00:06.00" style="1">Brightcove usa XML de varias maneras:<br/></p>
<p begin="00:00:06.00" end="00:00:08.70" style="1">En Brightcove Markup Language (BEML),<br/> para crear plantillas de reproductores.</p>
<p begin="00:00:08.70" end="00:00:10.18" style="1"><br/></p>
<p begin="00:00:10.18" end="00:00:13.13" style="1">En archivos de manifiesto para<br/>transferencias por lotes.</p>
<p begin="00:00:13.13" end="00:00:15.24" style="1">Y durante la captura de archivos para<br/>mostrar títulos o subtítulos</p>
<p begin="00:00:15.24" end="00:00:17.74" style="1">mediante la biblioteca de Player API.<br/></p>
<p begin="00:00:17.74" end="00:00:20.22" style="1">El entorno de XML es muy flexible y permite<br/>usos muy diferentes.</p>
<p begin="00:00:20.22" end="00:00:22.33" style="1"><br/></p>
<p begin="00:00:22.33" end="00:00:24.97" style="1">Cuando conozca la sintaxis básica de XML,<br/>verá qué fácil es trabajar</p>
<p begin="00:00:24.97" end="00:00:28.31" style="1">con lenguajes de la familia XML.<br/></p>
<p begin="00:00:28.31" end="00:00:29.69" style="1"><br/></p>
<p begin="00:00:29.69" end="00:00:31.50" style="1">¡Manos a la obra!<br/></p>
<p begin="00:00:31.50" end="00:00:34.49" style="1">Los lenguajes XML usan tres tipos de entidades:<br/></p>
<p begin="00:00:34.49" end="00:00:35.42" style="1"><br/></p>
<p begin="00:00:35.42" end="00:00:39.02" style="1">etiquetas, también llamadas elementos o nodos,<br/></p>
<p begin="00:00:39.02" end="00:00:41.53" style="1">atributos de etiquetas y datos.<br/></p>
<p begin="00:00:41.53" end="00:00:44.93" style="1">Hay documentos XML sin datos, pero todos<br/>tienen etiquetas y atributos.</p>
<p begin="00:00:44.93" end="00:00:47.31" style="1"><br/></p>
<p begin="00:00:47.31" end="00:00:50.74" style="1">Las etiquetas son el elemento esencial<br/>de todos los lenguajes XML</p>
<p begin="00:00:50.74" end="00:00:53.71" style="1">y se delimitan con paréntesis angulares.<br/></p>
<p begin="00:00:53.71" end="00:00:55.57" style="1">Las etiquetas no pueden quedarse abiertas.<br/></p>
<p begin="00:00:55.57" end="00:00:58.74" style="1">La etiqueta de cierre es idéntica<br/>a la de apertura, sólo que va precedida</p>
<p begin="00:00:58.74" end="00:01:02.57" style="1">de una barra inclinada.<br/></p>
<p begin="00:01:02.57" end="00:01:05.91" style="1">Si una etiqueta no contiene otras etiquetas<br/>ni datos, también puede usarse</p>
<p begin="00:01:05.91" end="00:01:09.50" style="1">una etiqueta de autocierre con la barra inclinada<br/>antes del paréntesis angular de cierre</p>
<p begin="00:01:09.50" end="00:01:12.29" style="1">de la etiqueta de apertura.<br/></p>
<p begin="00:01:12.29" end="00:01:13.78" style="1"><br/></p>
<p begin="00:01:13.78" end="00:01:17.27" style="1">Todos los atributos que definan<br/>propiedades de la etiqueta va incluidos</p>
<p begin="00:01:17.27" end="00:01:20.63" style="1">en la etiqueta de apertura con este formato:<br/> nombre atributo = "valor",</p>
<p begin="00:01:20.63" end="00:01:24.58" style="1">con el valor entre comillas dobles.<br/></p>
<p begin="00:01:24.58" end="00:01:25.98" style="1"><br/></p>
<p begin="00:01:25.98" end="00:01:29.92" style="1">Los nombres de etiquetas y atributos distinguen<br/>mayúsculas y minúsculas.</p>
<p begin="00:01:29.92" end="00:01:34.51" style="1">Una etiqueta Label es distinta a otra denominada label.<br/></p>
<p begin="00:01:34.51" end="00:01:35.89" style="1"><br/></p>
<p begin="00:01:35.89" end="00:01:38.80" style="1">Ambas etiquetas pueden coexistir en el mismo<br/>lenguaje y tener usos distintos.</p>
<p begin="00:01:38.80" end="00:01:41.03" style="1"><br/></p>
<p begin="00:01:41.03" end="00:01:44.02" style="1">Al especificar los valores de un atributo,<br/>se distinguen mayúsculas y minúsculas.</p>
<p begin="00:01:44.02" end="00:01:47.53" style="1"><br/></p>
<p begin="00:01:47.53" end="00:01:48.72" style="1"><br/></p>
<p begin="00:01:48.72" end="00:01:52.05" style="1">Además, las etiquetas se deben intercalar<br/>en jerarquía (anidar) correctamente;</p>
<p begin="00:01:52.05" end="00:01:57.12" style="1">si abro una etiqueta hbox dentro de una etiqueta<br/>layout, como en este ejemplo en BEML,</p>
<p begin="00:01:57.12" end="00:02:01.37" style="1">debo cerrar la etiqueta hbox antes que la layout.<br/></p>
<p begin="00:02:01.37" end="00:02:03.41" style="1">c<br/></p>
<p begin="00:02:03.41" end="00:02:08.64" style="1">Igualmente, los datos se anidan dentro de la etiqueta.<br/></p>
<p begin="00:02:08.64" end="00:02:12.63" style="1">Los lenguajes XML usan una etiqueta raíz<br/>en la que anidan las demás etiquetas.</p>
<p begin="00:02:12.63" end="00:02:16.42" style="1"><br/></p>
<p begin="00:02:16.42" end="00:02:20.07" style="1">También hay entidades especiales,<br/>similares a etiquetas, que no forman parte</p>
<p begin="00:02:20.07" end="00:02:23.94" style="1">de este lenguaje XML concreto, pero que pueden<br/>usarse en documentos XML.</p>
<p begin="00:02:23.94" end="00:02:25.99" style="1"><br/></p>
<p begin="00:02:25.99" end="00:02:29.71" style="1">Una de ellas es CDATA wrapper, que permite<br/>"envolver" datos para impedir</p>
<p begin="00:02:29.71" end="00:02:33.31" style="1">que se procesen como código XML.<br/></p>
<p begin="00:02:33.31" end="00:02:36.31" style="1"><br/></p>
<p begin="00:02:36.31" end="00:02:38.62" style="1">No es necesario usar este wrapper<br/>si los datos no contienen información</p>
<p begin="00:02:38.62" end="00:02:41.71" style="1">que pueda confundirse con código XML,<br/>, pero es bueno usarlo para más seguridad.</p>
<p begin="00:02:41.71" end="00:02:45.42" style="1"><br/></p>
<p begin="00:02:45.42" end="00:02:49.09" style="1">Sigue la declaración de XML, que se indica<br/>al principio del documento y especifica</p>
<p begin="00:02:49.09" end="00:02:52.00" style="1">un procesador (p. ej. navegador o editor)<br/> y la especificación XML del documento</p>
<p begin="00:02:52.00" end="00:02:55.21" style="1"><br/></p>
<p begin="00:02:55.21" end="00:02:58.28" style="1"><br/></p>
<p begin="00:02:58.28" end="00:03:01.04" style="1">Viene luego la declaración DOCTYPE,<br/>que define el tipo de documento (DTD)</p>
<p begin="00:03:01.04" end="00:03:06.02" style="1">que contiene la reglas del lenguaje XML<br/>concreto que se esté usando.</p>
<p begin="00:03:06.02" end="00:03:08.98" style="1"><br/></p>
<p begin="00:03:08.98" end="00:03:12.19" style="1">Esto es muy útil al usar editores de XML,<br/>ya que interpretan las reglas</p>
<p begin="00:03:12.19" end="00:03:15.37" style="1">del lenguaje y comprueban si el código<br/>está completo o contienen errores,</p>
<p begin="00:03:15.37" end="00:03:18.31" style="1">además de resaltar los códigos.<br/></p>
<p begin="00:03:18.31" end="00:03:22.05" style="1"><br/></p>
<p begin="00:03:22.05" end="00:03:25.91" style="1"><br/></p>
<p begin="00:03:25.91" end="00:03:28.52" style="1">Los editores XML ahorran tiempo<br/>y la tediosa labor de manipular</p>
<p begin="00:03:28.52" end="00:03:31.95" style="1">código XML; son muy recomendables.<br/></p>
<p begin="00:03:31.95" end="00:03:33.65" style="1"><br/></p>
<p begin="00:03:33.65" end="00:03:37.18" style="1">Aquí utilizo Xmplify, un editor asequible<br/>disponible en xmplifyapp.com,</p>
<p begin="00:03:37.18" end="00:03:40.88" style="1">pero encontrará muchos si busca "editor XML"<br/>en Internet.</p>
<p begin="00:03:40.88" end="00:03:44.77" style="1"><br/></p>
<p begin="00:03:44.77" end="00:03:46.07" style="1"><br/></p>
</div>
<div xml:lang="fr">
<p begin="00:00:00.00" end="00:00:00.56" style="1"><br/></p>
<p begin="00:00:00.56" end="00:00:03.62" style="1">Dans cette vidéo, vous apprendrez<br/>les règles de base du XML.</p>
<p begin="00:00:03.62" end="00:00:06.00" style="1">Brightcove utilise le XML<br/>de plusieurs façons.</p>
<p begin="00:00:06.00" end="00:00:08.70" style="1">Dans le Langage de balisage<br/>de Brightcove, ou BEML, pour</p>
<p begin="00:00:08.70" end="00:00:10.18" style="1">créer des modèles de lecteur.<br/></p>
<p begin="00:00:10.18" end="00:00:13.13" style="1">Dans les fichiers de manifeste<br/>pour le transfert batch.</p>
<p begin="00:00:13.13" end="00:00:15.24" style="1">Et lors de la capture de<br/>fichiers pour afficher une</p>
<p begin="00:00:15.24" end="00:00:17.74" style="1">légende ou des sous-titres<br/>via l'API de lecteur.</p>
<p begin="00:00:17.74" end="00:00:20.22" style="1">La flexibilité de l'infrastructure<br/>XML le rend très utile</p>
<p begin="00:00:20.22" end="00:00:22.33" style="1">dans chacun de<br/>ces cas.</p>
<p begin="00:00:22.33" end="00:00:24.97" style="1">Lorsque vous aurez assimilé<br/>les bases de la syntaxe XML,</p>
<p begin="00:00:24.97" end="00:00:28.31" style="1">cela vous paraîtra facile<br/>de travailler dans ces cas et</p>
<p begin="00:00:28.31" end="00:00:29.69" style="1">avec d'autres langages XML.<br/></p>
<p begin="00:00:29.69" end="00:00:31.50" style="1">Mettons-nous au travail !<br/></p>
<p begin="00:00:31.50" end="00:00:34.49" style="1">Premièrement, les langages<br/>XML comportent trois</p>
<p begin="00:00:34.49" end="00:00:35.42" style="1">types d'entités.<br/></p>
<p begin="00:00:35.42" end="00:00:39.02" style="1">Les balises (aussi appelées<br/>éléments ou nœuds), </p>
<p begin="00:00:39.02" end="00:00:41.53" style="1">les attributs des balises et<br/>les données.</p>
<p begin="00:00:41.53" end="00:00:44.93" style="1">Certains documents XML ne<br/>contiennent pas de données, </p>
<p begin="00:00:44.93" end="00:00:47.31" style="1">mais ont des balises et des attributs.<br/></p>
<p begin="00:00:47.31" end="00:00:50.74" style="1">Les balises sont les<br/>composants de base</p>
<p begin="00:00:50.74" end="00:00:53.71" style="1">du XML et sont délimitées<br/>par des chevrons.</p>
<p begin="00:00:53.71" end="00:00:55.57" style="1">Toutes les balises doivent être fermées.<br/></p>
<p begin="00:00:55.57" end="00:00:58.74" style="1">La balise de fermeture est<br/>identique à la balise d'ouverture,</p>
<p begin="00:00:58.74" end="00:01:02.57" style="1">à ceci près que son nom<br/>est précédé d'une barre oblique.</p>
<p begin="00:01:02.57" end="00:01:05.91" style="1">Si une balise ne contient<br/>pas d'autres balises ou</p>
<p begin="00:01:05.91" end="00:01:09.50" style="1">de données, vous pouvez utiliser<br/>une balise autonome qui</p>
<p begin="00:01:09.50" end="00:01:12.29" style="1">comprend la barre oblique<br/>avant le chevron fermant</p>
<p begin="00:01:12.29" end="00:01:13.78" style="1">de la balise d'ouverture.<br/></p>
<p begin="00:01:13.78" end="00:01:17.27" style="1">Les attributs qui définissent<br/>les propriétés de la balise</p>
<p begin="00:01:17.27" end="00:01:20.63" style="1">sont compris dans la balise<br/>d'ouverture et sont du type</p>
<p begin="00:01:20.63" end="00:01:24.58" style="1">nom d'attribut=valeur, où<br/>la valeur est toujours spécifiée</p>
<p begin="00:01:24.58" end="00:01:25.98" style="1">entre guillemets.<br/></p>
<p begin="00:01:25.98" end="00:01:29.92" style="1">Les noms de balise et d'attribut<br/>respectent la casse.</p>
<p begin="00:01:29.92" end="00:01:34.51" style="1">La balise Label avec un L<br/>n'est pas la même que</p>
<p begin="00:01:34.51" end="00:01:35.89" style="1">label avec un l.<br/></p>
<p begin="00:01:35.89" end="00:01:38.80" style="1">De fait, ces deux balises<br/>ont deux utilisations</p>
<p begin="00:01:38.80" end="00:01:41.03" style="1">totalement différentes.<br/></p>
<p begin="00:01:41.03" end="00:01:44.02" style="1">Il peut arriver que les valeurs<br/>possibles d'un attribut</p>
<p begin="00:01:44.02" end="00:01:47.53" style="1">soient spécifiées, et dans ce<br/>cas elles respectent également</p>
<p begin="00:01:47.53" end="00:01:48.72" style="1">la casse.<br/></p>
<p begin="00:01:48.72" end="00:01:52.05" style="1">Ensuite, les balises<br/>doivent être hiérarchisées.</p>
<p begin="00:01:52.05" end="00:01:57.12" style="1">Par exemple, si j'ouvre une<br/>balise hbox dans une balise layout,</p>
<p begin="00:01:57.12" end="00:02:01.37" style="1">comme dans cet exemple<br/>BEML, je dois également fermer</p>
<p begin="00:02:01.37" end="00:02:03.41" style="1">hbox avant de fermer layout.<br/></p>
<p begin="00:02:03.41" end="00:02:08.64" style="1">Les données doivent être<br/>inscrites au sein d'une balise.</p>
<p begin="00:02:08.64" end="00:02:12.63" style="1">Les langages XML ont également<br/>une balise racine, et toutes</p>
<p begin="00:02:12.63" end="00:02:16.42" style="1">les autres balises doivent être<br/>inscrites au sein de cette balise.</p>
<p begin="00:02:16.42" end="00:02:20.07" style="1">Il existe des entités semblables<br/>à des balises qui ne font</p>
<p begin="00:02:20.07" end="00:02:23.94" style="1">pas partie de ce langage<br/>XML mais qui peuvent être</p>
<p begin="00:02:23.94" end="00:02:25.99" style="1">utilisées dans n'importe<br/>quel document XML.</p>
<p begin="00:02:25.99" end="00:02:29.71" style="1">L'un d'entre eux est le wrapper<br/>CDATA, qui sert à encapsuler</p>
<p begin="00:02:29.71" end="00:02:33.31" style="1"> des données dans votre document<br/>pour que le processeur</p>
<p begin="00:02:33.31" end="00:02:36.31" style="1">XML n'interprète pas vos<br/>données comme du code.</p>
<p begin="00:02:36.31" end="00:02:38.62" style="1">Vous n'avez pas besoin<br/>d'utiliser ce wrapper si rien</p>
<p begin="00:02:38.62" end="00:02:41.71" style="1">dans vos données n'est<br/>assimilable à du code,</p>
<p begin="00:02:41.71" end="00:02:45.42" style="1">mais vous pouvez<br/>l'inclure par précaution.</p>
<p begin="00:02:45.42" end="00:02:49.09" style="1">Vient ensuite la<br/>déclaration XML, qui figure</p>
<p begin="00:02:49.09" end="00:02:52.00" style="1">en début de document et<br/>spécifie au processeur</p>
<p begin="00:02:52.00" end="00:02:55.21" style="1">(éditeur ou navigateur) quelle<br/>version de la</p>
<p begin="00:02:55.21" end="00:02:58.28" style="1">spécification XML utilise<br/>le document.</p>
<p begin="00:02:58.28" end="00:03:01.04" style="1">À sa suite, la déclaration<br/>DOCTYPE, qui spécifie la</p>
<p begin="00:03:01.04" end="00:03:06.02" style="1">définition de type de<br/>document (DTD), et qui</p>
<p begin="00:03:06.02" end="00:03:08.98" style="1">définit les règles pour<br/>le langage XML utilisé.</p>
<p begin="00:03:08.98" end="00:03:12.19" style="1">Cela est utile si vous<br/>utilisez un éditeur XML,</p>
<p begin="00:03:12.19" end="00:03:15.37" style="1">comme c'est mon cas ici,<br/>parce que l'éditeur peut lire</p>
<p begin="00:03:15.37" end="00:03:18.31" style="1">les règles du langage et vous<br/>aider à compléter le code</p>
<p begin="00:03:18.31" end="00:03:22.05" style="1">et à faire des vérifications<br/>de validité du code, en plus</p>
<p begin="00:03:22.05" end="00:03:25.91" style="1">du surlignage de<br/>syntaxe standard.</p>
<p begin="00:03:25.91" end="00:03:28.52" style="1">Ces outils vous feront gagner<br/>du temps et vous épargneront</p>
<p begin="00:03:28.52" end="00:03:31.95" style="1">bien des frustrations,<br/>c'est pourquoi je vous conseille</p>
<p begin="00:03:31.95" end="00:03:33.65" style="1">fortement d'acquérir<br/>un éditeur XML.</p>
<p begin="00:03:33.65" end="00:03:37.18" style="1">J'utilise actuellement Xmplify,<br/>un éditeur à bas prix</p>
<p begin="00:03:37.18" end="00:03:40.88" style="1">disponible sur xmplifyapp.com,<br/>mais vous pouvez en</p>
<p begin="00:03:40.88" end="00:03:44.77" style="1">trouver d'autres en<br/>cherchant sur Internet.</p>
<p begin="00:03:44.77" end="00:03:46.07" style="1">
<br/>
</p>
</div>
<div xml:lang="ja">      
<p begin="00:00:00.00" end="00:00:00.56" style="1"><br/></p> 
<p begin="00:00:00.56" end="00:00:03.62" style="1">この動画では、XML の基本について学習します。</p> 
<p begin="00:00:03.62" end="00:00:06.00" style="1">XML はいくつかの用途で使用されます。</p> 
<p begin="00:00:06.00" end="00:00:08.70" style="1">BEML (Brightcove Experience Markup Language) では、プレーヤ テンプレートを作成するのに使用されます。<br/></p> 
<p begin="00:00:10.18" end="00:00:13.13" style="1">また、バッチ プロビジョニングで使用されるマニフェスト ファイルで使用されます。</p> 
<p begin="00:00:13.13" end="00:00:15.24" style="1">さらに、プレーヤ API を通じてキャプションや字幕を表示するためのファイルを取得する際にも使用されます。</p> 
<p begin="00:00:17.74" end="00:00:20.22" style="1">このような様々な目的に役立つのは、XML フレームワークの柔軟性のためです。</p> 
<p begin="00:00:22.33" end="00:00:24.97" style="1">一度 XML の構文規則の基本を理解すれば、様々な XML 言語を簡単に利用できるようになります。<br/></p> 
<p begin="00:00:29.69" end="00:00:31.50" style="1">それでは始めましょう。<br/></p> 
<p begin="00:00:31.50" end="00:00:34.49" style="1">最初に XML 言語は 3 種類の構成要素からできています。<br/></p> 
<p begin="00:00:35.42" end="00:00:39.02" style="1">タグ、タグの属性、およびデータです。タグは、要素とも呼ばれ、ノードと呼ばれる場合もあります。<br/></p> 
<p begin="00:00:41.53" end="00:00:44.93" style="1">XML 文書にはデータが含まれない場合がありますが、タグと属性は必ず含まれます。<br/></p> 
<p begin="00:00:47.31" end="00:00:50.74" style="1">タグは、XML 言語の基本構成要素であり、山かっこで囲みます。</p> 
<p begin="00:00:53.71" end="00:00:55.57" style="1">すべてのタグは終了する必要があります。<br/></p> 
<p begin="00:00:55.57" end="00:00:58.74" style="1">終了タグは、タグ名の前にスラッシュが付く以外は、開始タグと同じです。</p> 
<p begin="00:01:02.57" end="00:01:05.91" style="1">タグに別のタグやデータが含まれない場合は、開始タグの終わり山かっこの前にスラッシュを付けた自己終了タグを使用できることに注意してください。<br/></p> 
<p begin="00:01:13.78" end="00:01:17.27" style="1">タグのプロパティを定義する属性は、開始タグに含まれ、「属性名 = 値」という形式を取ります。ここで、値は必ず引用符で囲みます。<br/></p> 
<p begin="00:01:25.98" end="00:01:29.92" style="1">タグおよび属性名はすべて大文字と小文字を区別します。したがって、大文字 L のタグ名 Label は、小文字 l の label とは異なります。実際、両方のタグが、まったく別の目的のために同じ言語で存在する場合があります。<br/></p> 
<p begin="00:01:35.89" end="00:01:38.80" style="1"><br/></p> 
<p begin="00:01:41.03" end="00:01:44.02" style="1">場合によっては、属性の可能な値が指定されますが、その場合も値は大文字と小文字を区別します。<br/></p> 
<p begin="00:01:48.72" end="00:01:52.05" style="1">次に、タグは適切に入れ子にする必要があることに注意してください。</p> 
<p begin="00:01:52.05" end="00:01:57.12" style="1">たとえば、この BEML の例のように、layout タグの内部で hbox タグを開始した場合、hbox を閉じてから layout を閉じる必要があります。<br/></p> タグの内部ではデータも入れ子にする必要があることにも注意してください。また、XML 言語にはルート タグがあり、他のすべてのタグは、ルート タグの内部で入れ子にする必要があります。
<p begin="00:02:16.42" end="00:02:20.07" style="1">さらに、タグに似た特別な構成要素がいくつかあります。これらは、この特定の XML 言語の一部ではありませんが、XML 文書で使用できます。<br/></p> 
<p begin="00:02:25.99" end="00:02:29.71" style="1">その 1 つが CDATA ラッパーです。ドキュメントのデータをこれで包み、XML プロセッサがデータを XML コードと解釈しないようにします。</p> 
<p begin="00:02:36.31" end="00:02:38.62" style="1">XML コードと間違えそうなデータがない場合には、このラッパーを使用する必要はありませんが、念のために使用することはいつでも可能です。</p> 
<p begin="00:02:45.42" end="00:02:49.09" style="1">次に XML 宣言です。これは、文書の最初にあり、ブラウザやエディタなどのプロセッサに、XML 仕様のどのバージョンに文書が準拠しているかを示します。</p> 
<p begin="00:02:58.28" end="00:03:01.04" style="1">次は DOCTYPE 宣言です。これは、使用している特定の XML 言語の規則を定義する文書型定義（DTD）を指定します。</p> 
<p begin="00:03:08.98" end="00:03:12.19" style="1">これが特に便利なのは、今のように XML エディタを使用している場合です。エディタは、言語の規則を読み込むことができます。このようなエディタが普通提供する構文の強調表示の他に、コードの補完やエラー チェックなどの機能が利用できます。</p> 
<p begin="00:03:25.91" end="00:03:28.52" style="1">これらのツールは、XML を使った作業の時間を節約したりイライラを減らしてくれます。したがって、作業を簡単にするために XML エディタを手に入れることを検討するようお勧めします。<br/></p> 
<p begin="00:03:33.65" end="00:03:37.18" style="1">私がここで使っているのは Xmplify です。xmplifyapp.com で手に入る低価格のエディタです。ただし、Web で XML エディタを検索すれば、他にもいくつか見つかります。</p> 
<p begin="00:03:44.77" end="00:03:46.07" style="1"><br/></p>    
</div>  
</body>
</tt>
