<?xml version="1.0" encoding="UTF-8" standalone="yes"?>
<tt xmlns="http://www.w3.org/ns/ttml" xmlns:tts="http://www.w3.org/ns/ttml#styling" xml:lang="">
  <head>
    <styling>
      <style tts:fontSize="14" tts:textAlign="center" tts:wrapOption="wrap" id="1"/>
    </styling>
  </head>
  <body>
    <div xml:lang="ja">
<p begin="00:00:00.00" end="00:00:05.20" style="1"><br/></p> 
<p begin="00:00:05.20" end="00:00:07.99" style="1">この動画では、カスタム フィールドを使用して、動画のカスタム メタデータを作成する方法を学習します。</p> 
<p begin="00:00:10.95" end="00:00:13.83" style="1">カスタム フィールドを使用して、動画に関する追加情報を格納したり、動画の再生中に表示したい画像へのリンクなど、プレーヤ API を通して使用したい情報を格納できます。</p> 
<p begin="00:00:23.10" end="00:00:25.63" style="1">カスタム フィールドは、他の動画の推奨でも検索されます。<br/></p> 
<p begin="00:00:27.22" end="00:00:29.54" style="1">ホームページから [アカウント設定] リンクをクリックし、次に [動画フィールド] をクリックすると、[カスタム フィールド] ページにアクセスできます。</p> 
<p begin="00:00:34.65" end="00:00:36.94" style="1">このページにアクセスするには管理者権限が必要なことに注意してください。<br/></p> 
<p begin="00:00:38.98" end="00:00:42.45" style="1">デフォルトでは、10 件のカスタム フィールドが利用できますが、ブライトコーブのサポートに追加を要求できます。</p> 
<p begin="00:00:45.15" end="00:00:47.94" style="1">ブライトコーブのサポートの支援がないと、カスタム フィールドの削除ができないことに注意してください。したがって、作成を始める前に、どのフィールドが必要かを考えてください。</p> 
<p begin="00:00:53.41" end="00:00:56.86" style="1">[標準フィールド] セクションにデフォルトのフィールドが表示されます。これらのフィールドには、Media モジュールの動画設定で変更できるデータが含まれます。<br/></p> 
<p begin="00:01:02.41" end="00:01:05.31" style="1">カスタム フィールドを作成する前に、標準フィールドを使用できないか確認してください。<br/></p> 
<p begin="00:01:07.30" end="00:01:11.37" style="1">カスタム フィールドを作成するには、[カスタム フィールドを追加] ボタンをクリックします。</p> 
<p begin="00:01:11.37" end="00:01:13.82" style="1">各新規フィールドの表示名および内部名を入力します。<br/></p> 
<p begin="00:01:15.43" end="00:01:17.99" style="1">表示名は、Media モジュールのフィールドのラベルとして表示されます。<br/></p> 
<p begin="00:01:19.16" end="00:01:22.73" style="1">このラベルには全角文字を使用できます。</p> 
<p begin="00:01:22.73" end="00:01:25.23" style="1">内部名は、Brightcove API の 1 つを使用して、プログラムによってこのカスタム フィールドにアクセスする場合の変数名です。<br/></p> 
<p begin="00:01:30.00" end="00:01:33.42" style="1">内部名は変数名なので、小文字の英数字のみが使用できます。スペースは使用できません。</p> 
<p begin="00:01:37.85" end="00:01:40.97" style="1">デフォルトでは、Brightcove Studio は、表示名と同じ値に内部名を設定します。 次に、タイプをテキストまたはリストに指定する必要があります。テキスト タイプ フィールドには、最大 1,024 文字のアルファベット文字を入力できます。</p>
<p begin="00:01:54.33" end="00:01:57.86" style="1">リスト タイプ フィールドは、最高 150 件の文字列値の選択リストを示します。<br/></p> 
<p begin="00:01:59.66" end="00:02:02.81" style="1">リスト タイプを選択すると、値を挿入できるように、新しい [カスタム フィールド] ダイアログが拡張されます。</p> 
<p begin="00:02:06.20" end="00:02:09.47" style="1">リストに値を追加するには、[リストの値を追加] フィールドに値を挿入し、[リストに追加] ボタンをクリックします。</p> 
<p begin="00:02:13.91" end="00:02:16.47" style="1">リスト項目の作成が終了したら、[変更を保存] ボタンをクリックして、それらの値を適用します。</p> 
<p begin="00:02:19.38" end="00:02:21.93" style="1">カスタム フィールドの作成が終了したら、[保存] ボタンをクリックします。<br/></p> 
<p begin="00:02:23.27" end="00:02:26.18" style="1">動画にカスタム フィールドを適用する準備ができたら、Media モジュール、FTP バッチ プロビジョニング、または Media API を使用できます。<br/></p> 
<p begin="00:02:32.05" end="00:02:35.02" style="1">カスタム メタデータの動画での使用についての詳細は、support.brightcove.com を参照してください。</p> 
<p begin="00:02:36.27" end="00:02:38.27" style="1"><br/></p>
    </div>
  </body>
</tt>
