﻿<?xml version="1.0" encoding="UTF-8" standalone="yes"?>
<tt xmlns="http://www.w3.org/ns/ttml" xmlns:tts="http://www.w3.org/ns/ttml#styling" xml:lang="">
<head>
<styling>
<style tts:fontSize="14" tts:textAlign="center" tts:wrapOption="wrap" id="1"/>
</styling>
</head>
<body>
<div xml:lang="fr">
<p begin="00:00:00.00" end="00:00:01.32" style="1"><br/></p>
<p begin="00:00:01.32" end="00:00:03.80" style="1">Vous voudriez réencoder<br/>des vidéos de votre compte,</p>
<p begin="00:00:03.80" end="00:00:06.73" style="1">peut-être parce que vous<br/>les avez codées en FLV</p>
<p begin="00:00:06.73" end="00:00:09.77" style="1">et que vous les voulez à<br/>présent en H.264,</p>
<p begin="00:00:09.77" end="00:00:13.73" style="1">peut-être parce que vous<br/>avez ajouté de nouveaux</p>
<p begin="00:00:13.73" end="00:00:15.64" style="1">rendus à vos paramètres<br/>de conversion.</p>
<p begin="00:00:15.64" end="00:00:18.27" style="1">Si vous disposez d'un<br/>compte Enterprise ou Pro,</p>
<p begin="00:00:18.27" end="00:00:20.38" style="1">vous pouvez utiliser<br/>le transfert FTP batch</p>
<p begin="00:00:20.38" end="00:00:22.36" style="1">Brightcove à cet effet.<br/></p>
<p begin="00:00:22.36" end="00:00:24.78" style="1">Vous devrez faire<br/>trois choses.</p>
<p begin="00:00:24.78" end="00:00:27.96" style="1">D'abord, envoyer une demande<br/>au support Brightcove</p>
<p begin="00:00:27.96" end="00:00:31.58" style="1">pour ouvrir un compte FTP<br/>, si vous n'en possédez pas un.</p>
<p begin="00:00:31.58" end="00:00:35.10" style="1">Ensuite, vous devrez créer<br/>des valeurs d'ID de référence</p>
<p begin="00:00:35.10" end="00:00:38.69" style="1">pour les vidéos à convertir,<br/>si elles n'ont pas déjà</p>
<p begin="00:00:38.69" end="00:00:40.00" style="1">d'ID de référence.<br/></p>
<p begin="00:00:40.00" end="00:00:43.26" style="1">Vous pouvez faire ceci<br/>manuellement dans les paramètres</p>
<p begin="00:00:43.26" end="00:00:48.19" style="1">vidéo ou utiliser le générateur d'ID<br/>de référence situé à cette adresse.</p>
<p begin="00:00:48.19" end="00:00:51.40" style="1">Enfin, vous devrez créer un<br/>fichier de manifeste</p>
<p begin="00:00:51.40" end="00:00:54.46" style="1">avec les instructions<br/>de reconversion et le</p>
<p begin="00:00:54.46" end="00:00:57.38" style="1">charger avec l'adresse et<br/>les identifiants FTP fournis</p>
<p begin="00:00:57.38" end="00:00:59.28" style="1">par le support Brightcove.<br/></p>
<p begin="00:00:59.28" end="00:01:02.73" style="1">Le manifeste est un document<br/>XML simple ; vous pouvez télécharger</p>
<p begin="00:01:02.73" end="00:01:05.53" style="1">un modèle en cliquant<br/>sur le lien connexe à</p>
<p begin="00:01:05.53" end="00:01:08.88" style="1">cette vidéo ou en<br/>allant à cette adresse.</p>
<p begin="00:01:08.88" end="00:01:12.37" style="1">Une fois le modèle obtenu,<br/>ouvrez un éditeur XML comme</p>
<p begin="00:01:12.37" end="00:01:16.33" style="1">Xemplify ou un éditeur de<br/>texte et apportez les</p>
<p begin="00:01:16.33" end="00:01:18.09" style="1">modifications suivantes.<br/></p>
<p begin="00:01:18.09" end="00:01:21.23" style="1">Dans la balise du manifeste de<br/>chargement de l'éditeur,</p>
<p begin="00:01:21.23" end="00:01:24.23" style="1">modifiez la valeur de l'ID<br/>d'éditeur pour qu'il corresponde</p>
<p begin="00:01:24.23" end="00:01:28.43" style="1">au votre, que vous pouvez<br/>trouver dans votre profil.</p>
<p begin="00:01:28.43" end="00:01:31.24" style="1">Vous pouvez également modifier<br/>la valeur du préparateur</p>
<p begin="00:01:31.24" end="00:01:34.15" style="1">pour préciser qui a<br/>fait cette modification.</p>
<p begin="00:01:34.15" end="00:01:37.41" style="1">Dans la balise notify, modifiez<br/>la valeur e-mail avec l'adresse</p>
<p begin="00:01:37.41" end="00:01:40.92" style="1">qui recevra le courriel<br/>de notification du résultat.</p>
<p begin="00:01:40.92" end="00:01:43.05" style="1">Dans la<br/>balise reencode-from-existing-source,</p>
<p begin="00:01:43.05" end="00:01:48.24" style="1">modifiez la valeur<br/>title-refid avec l'ID de</p>
<p begin="00:01:48.24" end="00:01:51.30" style="1">référence de la<br/>vidéo à réencoder.</p>
<p begin="00:01:51.30" end="00:01:54.17" style="1">Si vous voulez conserver les<br/>imagettes et les captures</p>
<p begin="00:01:54.17" end="00:01:57.77" style="1">d'écran existantes,<br/>changez la valeur</p>
<p begin="00:01:57.77" end="00:01:59.53" style="1">overwrite images sur false.<br/></p>
<p begin="00:01:59.53" end="00:02:03.10" style="1">Si vous voulez réencoder<br/>plusieurs vidéos, copiez</p>
<p begin="00:02:03.10" end="00:02:05.57" style="1">simplement la balise<br/>reencode-from-existing-source</p>
<p begin="00:02:05.57" end="00:02:10.10" style="1">complète et collez-la<br/>sous la balise actuelle, en vous</p>
<p begin="00:02:10.10" end="00:02:12.35" style="1">assurant que vous la<br/>copiez bien avant la balise</p>
<p begin="00:02:12.35" end="00:02:16.84" style="1">publisher-upload-manifest de fermeture.<br/></p>
<p begin="00:02:16.84" end="00:02:20.96" style="1">Modifiez alors les valeurs<br/>title-refid pour inclure vos</p>
<p begin="00:02:20.96" end="00:02:23.10" style="1">vidéos supplémentaires.<br/></p>
<p begin="00:02:23.10" end="00:02:26.86" style="1">Avant d'envoyer le manifeste,<br/>vérifiez bien que toutes les</p>
<p begin="00:02:26.86" end="00:02:29.81" style="1">valeurs d'attribut sont écrites<br/>entre guillemets, comme l'exige</p>
<p begin="00:02:29.81" end="00:02:31.92" style="1">le XML.<br/></p>
<p begin="00:02:31.92" end="00:02:35.82" style="1">Après envoi du manifeste via FTP,<br/>l'adresse de courrier électronique</p>
<p begin="00:02:35.82" end="00:02:39.08" style="1">spécifiée dans la balise<br/>notify recevra un message</p>
<p begin="00:02:39.08" end="00:02:41.20" style="1">de confirmation du traitement.<br/></p>
<p begin="00:02:41.20" end="00:02:41.72" style="1">
<br/>
</p>
</div>
</body>
</tt>
